prompt,highest_score_img_reward,lowest_score_img_reward,baseline_score_img_reward,highest_score_hpsv,lowest_score_hpsv,baseline_score_hpsv,highest_score_clip,lowest_score_clip,baseline_score_clip,highest_score_aesthetic,lowest_score_aesthetic,baseline_score_aesthetic
A red colored car.,1.2574056386947632,0.636502742767334,0.9019576907157898,0.30465948581695557,0.28105735778808594,0.28403064608573914,25.842918395996094,20.54219627380371,24.480640411376953,3.7065000534057617,3.6798391342163086,3.3661141395568848
A black colored car.,0.7362620234489441,-0.2212517708539962,0.4993453025817871,0.29747867584228516,0.28687000274658203,0.29814058542251587,25.165512084960938,23.7249755859375,22.99175453186035,3.8946638107299805,3.9804468154907227,3.521291732788086
A pink colored car.,1.790542721748352,1.4557290077209473,1.4557290077209473,0.2887694537639618,0.28362295031547546,0.28362295031547546,28.913715362548828,26.598657608032227,26.598657608032227,3.9199485778808594,3.222334384918213,3.222334384918213
A black colored dog.,1.415825128555298,1.0680922269821167,1.2501686811447144,0.300160676240921,0.2948765158653259,0.29256266355514526,27.09551429748535,25.86821746826172,28.110017776489258,3.845275402069092,4.012655258178711,3.553302764892578
A red colored dog.,1.7949122190475464,1.4243512153625488,1.4991074800491333,0.2974976599216461,0.2949411869049072,0.2944205403327942,28.69207763671875,30.24941635131836,30.068002700805664,4.725252151489258,3.8627877235412598,3.8716230392456055
A blue colored dog.,1.8648947477340696,1.267632246017456,1.267632246017456,0.30359628796577454,0.2978493869304657,0.2978493869304657,29.041854858398438,29.487398147583008,29.487398147583008,4.2022705078125,3.6407957077026367,3.6407957077026367
A green colored banana.,-0.0574469268321991,-0.9184798002243042,-0.9184798002243042,0.26930537819862366,0.2667372524738312,0.2667372524738312,29.016151428222656,26.423789978027344,26.423789978027344,3.4451661109924316,3.3111376762390137,3.3111376762390137
A red colored banana.,0.1136544123291969,-1.8750554323196411,-1.8750554323196411,0.27797573804855347,0.2666308283805847,0.2666308283805847,32.42429733276367,26.0048885345459,26.0048885345459,3.5089077949523926,3.225472927093506,3.225472927093506
A black colored banana.,0.1765363812446594,-1.978850245475769,-1.639310002326965,0.2767349183559418,0.2646830976009369,0.2676030397415161,27.482297897338867,24.334686279296875,25.18558692932129,3.4825339317321777,2.700794219970703,2.8792996406555176
A white colored sandwich.,0.0434986799955368,-0.7386453747749329,-0.1398999094963073,0.29875701665878296,0.2901202440261841,0.287030428647995,23.473316192626953,25.220252990722656,25.98775863647461,3.303070545196533,2.46220064163208,3.4851765632629395
A black colored sandwich.,0.7080804705619812,-0.4381161034107208,0.0985781475901603,0.2904052138328552,0.29168760776519775,0.29379767179489136,26.43335723876953,29.15899658203125,25.157865524291992,3.6376285552978516,3.792743682861328,3.5141663551330566
An orange colored sandwich.,0.5533292889595032,-0.3402667641639709,-0.3402667641639709,0.2849120795726776,0.28278815746307373,0.28278815746307373,30.760330200195312,30.103763580322266,30.103763580322266,3.397082805633545,3.5042810440063477,3.5042810440063477
A pink colored giraffe.,1.5418400764465332,0.642265796661377,0.642265796661377,0.30270230770111084,0.3120718002319336,0.3120718002319336,31.855106353759766,27.367229461669922,27.367229461669922,4.554872989654541,3.9334640502929688,3.9334640502929688
A yellow colored giraffe.,0.982569456100464,-0.234562337398529,-0.234562337398529,0.2959224581718445,0.29955217242240906,0.29955217242240906,30.658639907836914,28.37718963623047,28.37718963623047,4.036927223205566,3.8490986824035645,3.8490986824035645
A brown colored giraffe.,0.3351590633392334,-0.1003702655434608,0.056253332644701,0.2952066659927368,0.2924531102180481,0.29260385036468506,25.58152198791504,25.898645401000977,25.65691375732422,3.848400592803955,3.8994550704956055,4.308741569519043
A red car and a white sheep.,1.93706738948822,1.7119287252426147,1.84660005569458,0.3189821243286133,0.28250759840011597,0.3099038004875183,32.02571105957031,31.02482795715332,32.265743255615234,3.9478201866149902,3.594111919403076,3.675203800201416
A blue bird and a brown bear.,1.9295587539672852,1.7069849967956543,1.8189599514007568,0.3134564161300659,0.3140219449996948,0.3094674348831177,36.69292449951172,34.16954040527344,33.644554138183594,4.044788837432861,3.6980648040771484,4.379164218902588
A green apple and a black backpack.,1.9318063259124756,1.7305606603622437,1.847610592842102,0.28443124890327454,0.2920832633972168,0.29116135835647583,30.788143157958984,32.168148040771484,32.676273345947266,3.429807662963867,3.4670968055725098,3.5846824645996094
A green cup and a blue cell phone.,1.5087000131607056,-2.197171449661255,-2.024728775024414,0.30085694789886475,0.26129281520843506,0.2564994692802429,29.083721160888672,24.64137077331543,23.81935691833496,3.856475830078125,3.5111002922058105,3.819911003112793
A yellow book and a red vase.,1.9546724557876587,-1.3630110025405884,-0.0787092596292495,0.3018990755081177,0.29330503940582275,0.2906358242034912,33.01594924926758,33.111480712890625,27.548416137695312,3.4260997772216797,3.9796929359436035,3.31062650680542
A white car and a red sheep.,1.7653943300247192,-0.2954522371292114,1.2490919828414917,0.30495697259902954,0.3087349534034729,0.31615734100341797,29.96512794494629,32.60877227783203,30.552209854125977,3.480639934539795,3.267932415008545,3.526073932647705
A brown bird and a blue bear.,1.782033085823059,-1.3534663915634155,1.6417046785354614,0.324743390083313,0.2934890687465668,0.3170287013053894,33.735836029052734,27.333881378173828,35.976959228515625,3.7775893211364746,3.962679386138916,3.5549392700195312
A black apple and a green backpack.,1.8339728116989136,0.9804683327674866,0.9804683327674866,0.3031877875328064,0.29342174530029297,0.29342174530029297,32.306060791015625,31.075241088867188,31.075241088867188,3.632077693939209,3.118490695953369,3.118490695953369
A blue cup and a green cell phone.,0.8425050973892212,-2.1959402561187744,-2.1959402561187744,0.29764842987060547,0.2642558813095093,0.2642558813095093,31.50838279724121,22.2574405670166,22.2574405670166,3.6036324501037598,3.9099369049072266,3.9099369049072266
A red book and a yellow vase.,1.915145993232727,-1.5860035419464111,-1.2615859508514404,0.3023778796195984,0.28175729513168335,0.28354212641716003,31.060739517211914,25.98716163635254,29.46925926208496,3.247448444366455,3.2875332832336426,3.8442306518554688
A horse riding an astronaut.,1.979227900505066,1.9188786745071411,1.9188786745071411,0.33239248394966125,0.31292855739593506,0.31292855739593506,29.937423706054688,29.765634536743164,29.765634536743164,4.354435443878174,3.7191824913024902,3.7191824913024902
A pizza cooking an oven.,1.325988531112671,0.0870756953954696,1.3225356340408323,0.2900225520133972,0.27752554416656494,0.28505587577819824,22.746440887451172,24.834548950195312,22.069580078125,3.860919952392578,3.8721508979797363,3.7520790100097656
A bird scaring a scarecrow.,1.845197677612305,-1.5889610052108765,0.6093368530273438,0.285501629114151,0.26215052604675293,0.2853468358516693,31.308927536010742,24.379390716552734,29.34168815612793,4.409048080444336,4.265849590301514,4.0902323722839355
A blue coloured pizza.,1.6918591260910034,0.8648548722267151,0.8915228843688965,0.29039451479911804,0.2885647714138031,0.2937159538269043,32.226715087890625,32.23316192626953,32.32741165161133,3.829498767852783,3.658531665802002,3.843845844268799
Hovering cow abducting aliens.,1.9833288192749023,-0.4096324443817138,0.2853468060493469,0.3101704716682434,0.27500247955322266,0.2641898989677429,29.958297729492188,23.349727630615234,24.31065559387207,4.171775817871094,3.3550820350646973,3.902181625366211
A panda making latte art.,1.9479776620864868,1.52279531955719,1.8540630340576172,0.3076133728027344,0.3086574077606201,0.3048834800720215,28.493703842163086,30.092435836791992,26.983924865722656,3.8242430686950684,3.4271907806396484,3.6235952377319336
A shark in the desert.,1.8993122577667236,1.757609724998474,1.7938038110733032,0.3148149251937866,0.31632304191589355,0.30619072914123535,28.73197364807129,30.25035858154297,29.121448516845703,3.5390491485595703,4.059783458709717,3.496140480041504
An elephant under the sea.,1.8147002458572388,1.6249209642410278,1.7389062643051147,0.31218421459198,0.3191571831703186,0.3067987263202667,28.11162757873535,26.702299118041992,28.32849884033203,3.9674110412597656,4.04169225692749,3.978668689727783
Rainbow coloured penguin.,1.9119036197662351,1.4932461977005005,1.4932461977005005,0.31562861800193787,0.2930891513824463,0.2930891513824463,31.983932495117188,30.20626449584961,30.20626449584961,3.791530132293701,3.745556354522705,3.745556354522705
A fish eating a pelican.,0.7008866667747498,-1.630133867263794,-1.630133867263794,0.2701207101345062,0.2620609998703003,0.2620609998703003,29.68338394165039,26.203950881958008,26.203950881958008,4.018463611602783,3.9392271041870117,3.9392271041870117
One car on the street.,1.2179067134857178,0.5685979127883911,0.5685979127883911,0.2910422086715698,0.2793771028518677,0.2793771028518677,22.725296020507812,22.10377311706543,22.10377311706543,4.109339714050293,3.6833767890930176,3.6833767890930176
Two cars on the street.,1.2806463241577148,-0.422392725944519,-0.422392725944519,0.3014865517616272,0.2717429995536804,0.2717429995536804,25.003202438354492,24.491174697875977,24.491174697875977,3.6373047828674316,3.7553014755249023,3.7553014755249023
Three cars on the street.,1.5244446992874146,0.0709878727793693,0.0709878727793693,0.30457013845443726,0.2786022126674652,0.2786022126674652,25.315608978271484,21.60197639465332,21.60197639465332,4.045752048492432,4.121378421783447,4.121378421783447
Four cars on the street.,1.2400529384613037,-1.2183504104614258,0.5371279120445251,0.29452356696128845,0.26139652729034424,0.2851654291152954,23.21245765686035,21.32276153564453,24.27052879333496,3.6645379066467285,3.327658176422119,4.041348934173584
Five cars on the street.,1.2091811895370483,-0.6738237738609314,0.5703982710838318,0.28448790311813354,0.2714793384075165,0.28516942262649536,22.045032501220703,22.207881927490234,23.520689010620117,4.373425483703613,4.322560787200928,3.7035694122314453
One dog on the street.,1.3531962633132937,0.2932771444320678,1.0672019720077517,0.2929832339286804,0.2890584468841553,0.2913169860839844,25.114765167236328,24.112295150756836,23.48415756225586,4.062529563903809,3.7515931129455566,4.096266746520996
Two dogs on the street.,1.3851491212844849,0.5236133933067322,1.3405578136444092,0.2945135831832886,0.2950286269187927,0.3033756911754608,27.217676162719727,27.574626922607422,27.073205947875977,3.641678810119629,3.92856502532959,3.7212624549865723
Three dogs on the street.,1.4337711334228516,-0.1282267868518829,-0.1282267868518829,0.31630516052246094,0.2871546745300293,0.2871546745300293,29.279190063476562,21.97313690185547,21.97313690185547,4.070849418640137,4.181389331817627,4.181389331817627
Four dogs on the street.,1.6104085445404053,1.1017065048217771,1.308311939239502,0.29842883348464966,0.29272913932800293,0.30246052145957947,25.936796188354492,27.09676170349121,27.474288940429688,4.160146236419678,4.166321754455566,3.7989864349365234
Five dogs on the street.,1.606344223022461,0.991558313369751,1.4044190645217896,0.31329888105392456,0.2914188504219055,0.31669485569000244,26.63434600830078,26.13416290283203,28.456314086914062,4.011771202087402,4.051973342895508,4.091985702514648
One cat and one dog sitting on the grass.,1.6894222497940063,0.1308051347732544,0.7823777198791504,0.3057120442390442,0.2900010943412781,0.2997264862060547,28.43442726135254,26.473529815673828,28.371187210083008,3.7997822761535645,3.8301210403442383,3.9320058822631836
One cat and two dogs sitting on the grass.,1.6061261892318726,-0.0741436928510665,1.267733454704285,0.3020569682121277,0.2929292619228363,0.3146194815635681,29.732513427734375,27.463415145874023,29.70208168029785,3.5875697135925293,3.8031864166259766,3.7527265548706055
One cat and three dogs sitting on the grass.,1.7094802856445312,0.4712062776088714,0.4712062776088714,0.31018486618995667,0.29453831911087036,0.29453831911087036,29.087045669555664,31.037065505981445,31.037065505981445,3.8018083572387695,3.975137233734131,3.975137233734131
Two cats and one dog sitting on the grass.,1.7744269371032717,-0.2239883840084076,1.6247214078903198,0.31114107370376587,0.30756258964538574,0.3031890392303467,30.90152359008789,31.04294776916504,27.91094398498535,3.6342339515686035,4.014781475067139,3.677804946899414
Two cats and two dogs sitting on the grass.,1.709901213645935,-0.8947312831878662,0.6808871030807495,0.30695438385009766,0.2845940589904785,0.3040789067745209,29.72759246826172,24.2387638092041,29.99708366394043,3.9712610244750977,3.878243923187256,3.9715518951416016
Two cats and three dogs sitting on the grass.,1.7816014289855957,0.0766380429267883,0.0766380429267883,0.3038508892059326,0.29070183634757996,0.29070183634757996,27.538421630859375,27.173913955688477,27.173913955688477,3.930973529815674,3.788763999938965,3.788763999938965
Three cats and one dog sitting on the grass.,1.8287371397018433,-0.2871345281600952,0.8553807735443115,0.30711448192596436,0.29703301191329956,0.2943834364414215,27.177532196044922,28.61466407775879,30.79427719116211,4.1436848640441895,4.321401596069336,4.164768218994141
Three cats and two dogs sitting on the grass.,1.7605656385421753,-0.2263981401920318,1.7605656385421753,0.31325414776802063,0.29312145709991455,0.31325414776802063,30.706491470336914,29.00982666015625,30.706491470336914,3.8847570419311523,3.6668028831481934,3.8847570419311523
Three cats and three dogs sitting on the grass.,1.855861783027649,0.1165322288870811,1.35217022895813,0.3010655343532562,0.2897799015045166,0.2991277873516083,28.162437438964844,28.919931411743164,28.518768310546875,4.235256671905518,4.247342586517334,4.23524284362793
A triangular purple flower pot. A purple flower pot in the shape of a triangle.,1.8383264541625977,-1.239001989364624,-1.239001989364624,0.31484758853912354,0.29289352893829346,0.29289352893829346,36.49507522583008,31.04757308959961,31.04757308959961,3.5028634071350098,3.2812418937683105,3.2812418937683105
A triangular orange picture frame. An orange picture frame in the shape of a triangle.,1.891490578651428,-1.2522839307785034,-1.2522839307785034,0.2996937036514282,0.2718566358089447,0.2718566358089447,36.802364349365234,27.11682891845703,27.11682891845703,3.6454553604125977,3.284135341644287,3.284135341644287
A triangular pink stop sign. A pink stop sign in the shape of a triangle.,1.0861670970916748,-0.9172267317771912,0.7994128465652466,0.29863831400871277,0.280103862285614,0.2927073836326599,34.82430648803711,27.126707077026367,32.75574493408203,3.516998291015625,3.757493495941162,3.2370047569274902
A cube made of denim. A cube with the texture of denim.,1.8992953300476072,0.1777568310499191,0.1777568310499191,0.2813621759414673,0.27983057498931885,0.27983057498931885,29.805883407592773,27.709718704223633,27.709718704223633,3.5806756019592285,3.4527201652526855,3.4527201652526855
A sphere made of kitchen tile. A sphere with the texture of kitchen tile.,1.4919544458389282,-0.2434906065464019,0.3442318439483642,0.27400118112564087,0.26243919134140015,0.26368576288223267,26.37950325012207,25.505300521850586,26.13399314880371,3.9515552520751953,3.4575138092041016,3.639998435974121
A cube made of brick. A cube with the texture of brick.,1.710278034210205,1.0615730285644531,1.3525956869125366,0.29014885425567627,0.274623304605484,0.28504759073257446,29.1991024017334,28.754404067993164,28.260391235351562,3.8688063621520996,3.819925308227539,3.798534870147705
A collection of nail is sitting on a table.,0.4343410730361938,-1.637176752090454,-0.2021936476230621,0.27862095832824707,0.2742730677127838,0.2809789776802063,24.71131706237793,23.142290115356445,26.55190086364746,3.882385730743408,4.288871765136719,3.6779184341430664
A single clock is sitting on a table.,1.2384082078933716,0.7964223623275757,1.1057419776916504,0.3021189570426941,0.2961324155330658,0.3122878968715668,21.232282638549805,22.00210189819336,21.05536460876465,3.7152786254882812,3.7553248405456543,3.9385437965393066
A couple of glasses are sitting on a table.,0.9028069972991944,0.1835354268550872,0.6885846853256226,0.2903166115283966,0.28499019145965576,0.28969040513038635,22.55155372619629,21.372472763061523,21.901309967041016,3.684506893157959,3.612964630126953,3.8264641761779785
An illustration of a large red elephant sitting on a small blue mouse.,-0.5814158320426941,-1.8529198169708252,-1.8529198169708252,0.31296253204345703,0.3021128177642822,0.3021128177642822,31.53737449645996,28.063356399536133,28.063356399536133,3.5208234786987305,3.462522506713867,3.462522506713867
An illustration of a small green elephant standing behind a large red mouse.,1.6800239086151123,-0.3556418418884277,0.7517170906066895,0.32775887846946716,0.3142893314361572,0.32685214281082153,33.02923583984375,31.540903091430664,34.99786376953125,3.6184825897216797,3.5252180099487305,3.8526253700256348
A small blue book sitting on a large red book.,1.6120645999908447,0.9087542295455932,0.9087542295455932,0.29567158222198486,0.29277366399765015,0.29277366399765015,30.379234313964844,29.583778381347656,29.583778381347656,3.985417366027832,3.4920434951782227,3.4920434951782227
"A stack of 3 plates. A blue plate is on the top, sitting on a blue plate. The blue plate is in the middle, sitting on a green plate. The green plate is on the bottom.",0.5999935269355774,-1.582412600517273,-0.9393375515937804,0.28359484672546387,0.26516157388687134,0.2650468945503235,28.39394760131836,30.53989601135254,28.011436462402344,4.328575134277344,4.261814117431641,4.567211627960205
"A stack of 3 cubes. A red cube is on the top, sitting on a red cube. The red cube is in the middle, sitting on a green cube. The green cube is on the bottom.",1.755454421043396,-0.1284924149513244,-0.1284924149513244,0.2917340397834778,0.2845994830131531,0.2845994830131531,31.124969482421875,32.50419998168945,32.50419998168945,3.9229068756103516,3.743347644805908,3.743347644805908
"A stack of 3 books. A green book is on the top, sitting on a red book. The red book is in the middle, sitting on a blue book. The blue book is on the bottom.",1.45689058303833,-1.2498838901519775,0.5559691190719604,0.2761813700199127,0.2549121081829071,0.28167325258255005,26.430376052856445,22.55097198486328,23.77499008178711,3.5042285919189453,3.7366743087768555,4.191108703613281
"An emoji of a baby panda wearing a red hat, green gloves, red shirt, and green pants.",1.919428825378418,0.9453017115592957,0.9453017115592957,0.31177669763565063,0.30129075050354004,0.30129075050354004,31.88517951965332,30.435590744018555,30.435590744018555,3.590395927429199,3.389728546142578,3.389728546142578
"An emoji of a baby panda wearing a red hat, blue gloves, green shirt, and blue pants.",1.8203601837158203,0.4334868192672729,0.4334868192672729,0.30052450299263,0.3013513386249542,0.3013513386249542,29.483863830566406,33.339569091796875,33.339569091796875,3.4724950790405273,2.9227304458618164,2.9227304458618164
A fisheye lens view of a turtle sitting in a forest.,1.7662417888641355,0.9054648876190186,1.1677579879760742,0.29066306352615356,0.28113967180252075,0.29605579376220703,34.0906867980957,35.41351318359375,33.35093688964844,4.766608238220215,3.890395164489746,4.405759334564209
A side view of an owl sitting in a field.,1.319447040557861,0.1250103265047073,1.1893166303634644,0.31207144260406494,0.3065219819545746,0.3066985011100769,28.002004623413086,29.371240615844727,27.223535537719727,3.8392229080200195,3.931652545928955,4.113229274749756
A cross-section view of a brain.,0.6264806985855103,0.0957579240202903,0.4514593482017517,0.285950243473053,0.27084964513778687,0.2754340171813965,22.16019630432129,22.821752548217773,22.874652862548828,4.4488525390625,3.850832939147949,4.1175432205200195
"A vehicle composed of two wheels held in a frame one behind the other, propelled by pedals and steered with handlebars attached to the front wheel.",0.8998237252235413,0.0334845557808876,0.6600362658500671,0.2614009380340576,0.2644270062446594,0.2641009986400604,20.19346809387207,22.16929817199707,20.103578567504883,3.730191707611084,4.098954200744629,3.623330593109131
"A large motor vehicle carrying passengers by road, typically one serving the public on a fixed route and for a fare.",0.5470107197761536,-0.2086297422647476,0.1116793900728225,0.27775201201438904,0.28318530321121216,0.2853420376777649,23.785520553588867,22.876604080200195,23.216716766357422,3.8335113525390625,3.748096466064453,3.8694205284118652
"A small vessel propelled on water by oars, sails, or an engine.",0.8294951319694519,-0.1533162742853164,0.640119194984436,0.2926419675350189,0.29230284690856934,0.2891919016838074,24.802881240844727,25.267534255981445,24.751266479492188,4.300238132476807,4.079148769378662,4.260216236114502
A connection point by which firefighters can tap into a water supply.,0.9600105285644532,-0.7281936407089233,-0.7281936407089233,0.2746967673301697,0.26116007566452026,0.26116007566452026,21.467287063598633,20.24424171447754,20.24424171447754,3.4621572494506836,4.3380866050720215,4.3380866050720215
"A machine next to a parking space in a street, into which the driver puts money so as to be authorized to park the vehicle for a particular length of time.",1.274153232574463,0.2688743472099304,0.8982527256011963,0.27434244751930237,0.2712656557559967,0.2810439467430115,25.480266571044922,25.807483673095703,29.3371524810791,3.457498550415039,3.9380745887756348,3.674757480621338
"A device consisting of a circular canopy of cloth on a folding metal frame supported by a central rod, used as protection against rain or sometimes sun.",0.9164271354675292,0.1423407793045044,0.1423407793045044,0.294641375541687,0.28402572870254517,0.28402572870254517,28.129728317260742,28.03375244140625,28.03375244140625,3.766904830932617,4.1783342361450195,4.1783342361450195
"A separate seat for one person, typically with a back and four legs.",0.6139559745788574,-0.4525008499622345,0.5235764384269714,0.2765626907348633,0.2664029896259308,0.2761962115764618,17.429443359375,22.36602783203125,18.551280975341797,3.8287858963012695,3.164834499359131,3.8933353424072266
An appliance or compartment which is artificially kept cool and used to store food and drink.,1.5797345638275146,0.99801367521286,0.99801367521286,0.3056384325027466,0.2798166573047638,0.2798166573047638,27.140342712402344,25.083341598510742,25.083341598510742,3.5249481201171875,4.376711845397949,4.376711845397949
A mechanical or electrical device for measuring time.,1.03384268283844,0.3283756375312805,0.3283756375312805,0.2746066451072693,0.27319732308387756,0.27319732308387756,24.05083656311035,22.85208511352539,22.85208511352539,3.5775632858276367,3.719597339630127,3.719597339630127
"An instrument used for cutting cloth, paper, and other thin material, consisting of two blades laid one on top of the other and fastened in the middle so as to allow them to be opened and closed by a thumb and finger inserted through rings on the end of their handles.",0.1853639036417007,-1.2445309162139893,-0.2293314486742019,0.25443097949028015,0.240563303232193,0.2697596549987793,21.3684139251709,19.52328872680664,21.546552658081055,4.238704204559326,3.566331386566162,4.004493236541748
"A large plant-eating domesticated mammal with solid hoofs and a flowing mane and tail, used for riding, racing, and to carry and pull loads.",1.7306642532348633,1.3475370407104492,1.6117504835128784,0.2979239821434021,0.2891131639480591,0.29682081937789917,25.910877227783203,23.3656063079834,24.97747230529785,3.706056594848633,4.091646671295166,3.980221748352051
A long curved fruit which grows in clusters and has soft pulpy flesh and yellow skin when ripe.,1.3848793506622314,-1.4266948699951172,-0.0899926871061325,0.26589351892471313,0.24719808995723724,0.2520722448825836,26.858131408691406,19.362518310546875,24.237045288085938,3.2991790771484375,3.8742384910583496,3.7609996795654297
"A small domesticated carnivorous mammal with soft fur, a short snout, and retractable claws. It is widely kept as a pet or for catching mice, and many breeds have been developed.",1.499354600906372,0.2693675458431244,0.974814474582672,0.2750770151615143,0.26748546957969666,0.2730497717857361,26.739355087280273,25.40162467956543,26.406606674194336,3.617710590362549,3.429922103881836,3.5583786964416504
"A domesticated carnivorous mammal that typically has a long snout, an acute sense of smell, nonretractable claws, and a barking, howling, or whining voice.",1.7084102630615234,0.7602487802505493,1.5220296382904053,0.2680510878562927,0.26511073112487793,0.27502506971359253,23.83196258544922,22.862525939941406,23.695919036865234,3.9880776405334473,3.2053709030151367,3.637686252593994
"An organ of soft nervous tissue contained in the skull of vertebrates, functioning as the coordinating center of sensation and intellectual and nervous activity.",0.7643982768058777,-1.00912606716156,-1.00912606716156,0.2607949674129486,0.24836373329162598,0.24836373329162598,25.587614059448242,22.2191104888916,22.2191104888916,3.210813045501709,4.397599220275879,4.397599220275879
"An American multinational technology company that focuses on artificial intelligence, search engine, online advertising, cloud computing, computer software, quantum computing, e-commerce, and consumer electronics.",0.9905275106430054,0.4193001389503479,0.7527217268943787,0.26559361815452576,0.2689076364040375,0.2636359930038452,21.406021118164062,19.201725006103516,20.433778762817383,4.253515720367432,4.202268600463867,4.356802463531494
"A large keyboard musical instrument with a wooden case enclosing a soundboard and metal strings, which are struck by hammers when the keys are depressed. The strings' vibration is stopped by dampers when the keys are released and can be regulated for length and volume by two or three pedals.",0.9683692455291748,-0.273870050907135,0.2098930180072784,0.2831844985485077,0.2659483551979065,0.27141278982162476,26.156606674194336,20.317909240722656,27.50250244140625,3.9564805030822754,3.1792025566101074,3.387880325317383
"A type of digital currency in which a record of transactions is maintained and new units of currency are generated by the computational solution of mathematical problems, and which operates independently of a central bank.",0.3779512345790863,-0.7053062915802002,-0.043452400714159,0.27187877893447876,0.258156418800354,0.26908373832702637,25.201810836791992,22.921104431152344,25.190004348754883,4.305891036987305,4.660197734832764,4.057539463043213
"A large thick-skinned semiaquatic African mammal, with massive jaws and large tusks.",1.2612098455429075,0.0723224505782127,1.1474672555923462,0.2794697880744934,0.286245197057724,0.28943657875061035,27.09682273864746,25.149194717407227,26.005525588989258,3.717620849609375,3.7036843299865723,3.9117536544799805
A machine resembling a human being and able to replicate certain human movements and functions automatically.,1.640375018119812,0.8020679950714111,1.4645531177520752,0.27919742465019226,0.2801210284233093,0.27538394927978516,25.610734939575195,26.081998825073242,25.03090476989746,3.7754878997802734,3.690643310546875,3.79508113861084
Paying for a quarter-sized pizza with a pizza-sized quarter.,0.6084564924240112,-0.9261537194252014,-0.9261537194252014,0.26788797974586487,0.267183780670166,0.267183780670166,21.140409469604492,24.341672897338867,24.341672897338867,4.026193618774414,3.8708081245422363,3.8708081245422363
An oil painting of a couple in formal evening wear going home get caught in a heavy downpour with no umbrellas.,1.6736904382705688,1.2279144525527954,1.4323772192001345,0.3106044828891754,0.29624199867248535,0.30383574962615967,32.22065734863281,34.29561996459961,32.761783599853516,4.138773441314697,4.169320106506348,4.019839286804199
"A grocery store refrigerator has pint cartons of milk on the top shelf, quart cartons on the middle shelf, and gallon plastic jugs on the bottom shelf.",0.7194667458534241,-1.416232347488403,-1.416232347488403,0.26723432540893555,0.25868967175483704,0.25868967175483704,29.096656799316406,26.95562744140625,26.95562744140625,3.5265283584594727,4.364327907562256,4.364327907562256
"In late afternoon in January in New England, a man stands in the shadow of a maple tree.",1.91803240776062,1.618239402770996,1.6272742748260498,0.2834380865097046,0.2741568684577942,0.27666977047920227,32.936614990234375,31.99755859375,27.508636474609375,3.8455843925476074,3.6180434226989746,3.6818971633911133
An elephant is behind a tree. You can see the trunk on one side and the back legs on the other.,1.6649237871170044,1.010144591331482,1.0986804962158203,0.3108922243118286,0.30637791752815247,0.3098793029785156,25.282522201538086,26.992788314819336,27.48687171936035,3.971996784210205,3.9151906967163086,3.8668479919433594
A tomato has been put on top of a pumpkin on a kitchen stool. There is a fork sticking into the pumpkin. The scene is viewed from above.,1.4586900472640991,-1.9844268560409544,-1.9844268560409544,0.28920894861221313,0.2572116255760193,0.2572116255760193,31.3299560546875,23.36023712158203,23.36023712158203,3.7030372619628906,3.307593822479248,3.307593822479248
A pear cut into seven pieces arranged in a ring.,1.8415955305099487,-2.0565943717956543,-1.6194040775299072,0.27616846561431885,0.2428179830312729,0.25317054986953735,26.89899444580078,22.83711814880371,23.31744956970215,3.781665802001953,3.5571789741516113,3.3601622581481934
"A donkey and an octopus are playing a game. The donkey is holding a rope on one end, the octopus is holding onto the other. The donkey holds the rope in its mouth. A cat is jumping over the rope.",1.6392860412597656,-0.1646174043416977,1.6392860412597656,0.29404065012931824,0.27442607283592224,0.29404065012931824,30.85791778564453,25.502641677856445,30.85791778564453,3.9487948417663574,3.4214930534362793,3.9487948417663574
"Supreme Court Justices play a baseball game with the FBI. The FBI is at bat, the justices are on the field.",0.6793753504753113,-1.6100709438323977,-1.6100709438323977,0.25557011365890503,0.23545388877391815,0.23545388877391815,26.040502548217773,28.131559371948242,28.131559371948242,3.2321581840515137,3.3377275466918945,3.3377275466918945
Abraham Lincoln touches his toes while George Washington does chin-ups. Lincoln is barefoot. Washington is wearing boots.,0.9952886700630188,-0.419857919216156,0.0083472440019249,0.2638441324234009,0.25708726048469543,0.25992000102996826,27.227487564086914,21.947744369506836,24.421056747436523,3.855867862701416,3.6556992530822754,4.013076305389404
Tcennis rpacket.,-0.3899615705013275,-1.1937021017074585,-0.6883582472801208,0.24425487220287323,0.23822569847106934,0.24449560046195984,14.37592601776123,14.264554977416992,14.180088996887207,4.325699806213379,4.332508563995361,4.010461330413818
Bzaseball galove.,0.946922779083252,-0.826941967010498,0.397939383983612,0.2615335285663605,0.2403581440448761,0.2557315230369568,15.776041984558105,15.69378662109375,17.69940757751465,4.045909404754639,4.742936134338379,4.059363842010498
Rbefraigerator.,-0.1273817867040634,-1.8027070760726929,-1.2064586877822876,0.260305792093277,0.2602691054344177,0.2572418749332428,13.229925155639648,15.809480667114258,15.872108459472656,3.709615707397461,3.9444503784179688,3.6667838096618652
Dininrg tablez.,0.0711213648319244,-0.9603018760681152,-0.2648708522319793,0.26301881670951843,0.25001224875450134,0.2555934190750122,17.291898727416992,15.611052513122559,17.85053253173828,4.198850154876709,3.8324766159057617,3.931844711303711
Pafrking metr.,0.0318139232695102,-1.1848089694976809,-0.8721318244934082,0.2570069134235382,0.2627326250076294,0.26418939232826233,14.012639045715332,11.276307106018066,12.307992935180664,4.194435119628906,4.297129154205322,4.02081298828125
"A smafml vessef epropoeilled on watvewr by ors, sauls, or han engie.",1.028639793395996,0.3621487915515899,0.4853551089763641,0.2528408467769623,0.25603243708610535,0.2505979835987091,16.44062614440918,16.508195877075195,14.539719581604004,4.282933712005615,3.9777302742004395,4.304500102996826
"A sjmall domesticated carnivorious mammnal with sof fuh,y a sthort sout, and retracwtablbe flaws. It iw widexly kept as a pet or for catchitng mic, ad many breeds zhlyde beefn develvoked.",0.7439664602279663,-0.5074689388275146,-0.2081475853919983,0.2642822265625,0.26219668984413147,0.2596698999404907,18.288928985595703,19.909454345703125,19.94562530517578,4.265366554260254,3.739767551422119,3.611612319946289
"An instqrumemnt used for cutting cloth, paper, axdz othr thdin mteroial, consamistng of two blades lad one on tvopb of the other and fhastned in tle mixdqdjle so as to bllow them txo be pened and closed by thumb and fitngesr inserted tgrough rings on kthe end oc thei vatndlzes.",0.0849599614739418,-0.9409924745559692,-0.5228683352470398,0.2558361291885376,0.2425263524055481,0.24390815198421478,,,,3.716775894165039,3.899590015411377,3.7997422218322754
"A domesticated carnivvorous mzammal that typicbally hfaas a lons sfnout, an acxujte sense off osmell, noneetractaaln crlaws, anid xbarkring,y howlingu, or whining rvoiche.",1.227298140525818,0.739914059638977,0.959278643131256,0.2587440609931946,0.26828497648239136,0.26008570194244385,21.885101318359375,24.46894645690918,21.641864776611328,4.1300177574157715,3.3844175338745117,4.209190845489502
"A ldarge keybord msical instroument lwith a woden case enmclosig a qsouvnkboajrd and mfgtal strivgf, which are strucrk b hammrs when the nels are depresdsmed.f lhe strsingsj' vibration ie stopped by damperds when the keys re released and can bce regulavewdd for lengh and vnolume y two or three pedalvs.",0.9306833744049072,0.384933739900589,0.5563116669654846,0.27032271027565,0.2595509886741638,0.26246607303619385,,,,3.379873275756836,3.6410326957702637,3.827911853790283
A train on top of a surfboard.,1.892261624336243,-0.2948773205280304,0.092953473329544,0.3217114210128784,0.30161845684051514,0.30507582426071167,32.39908981323242,29.015140533447266,28.62064552307129,3.702786445617676,3.916534900665283,3.7692718505859375
A wine glass on top of a dog.,1.7219072580337524,-1.4778426885604858,0.7885295748710632,0.3180117607116699,0.27691227197647095,0.2990433871746063,25.603382110595703,19.479248046875,30.413808822631836,3.528576374053955,3.581343650817871,3.5253124237060547
A bicycle on top of a boat.,1.8784741163253784,-1.6653097867965698,1.7991334199905396,0.3168047368526459,0.2604084312915802,0.31805187463760376,23.32004737854004,15.822978019714355,27.720781326293945,3.8873677253723145,4.157724857330322,3.9898738861083984
An umbrella on top of a spoon.,1.6130887269973757,-1.511589527130127,0.2424748688936233,0.2941219210624695,0.27865445613861084,0.2909444570541382,21.72884750366211,21.661142349243164,24.79170036315918,3.9032630920410156,3.702315330505371,3.571981430053711
A laptop on top of a teddy bear.,1.65523362159729,-0.502611517906189,-0.2618036270141601,0.31412678956985474,0.30647963285446167,0.304500550031662,26.82328224182129,25.900667190551758,26.64621353149414,3.576554298400879,3.2652664184570312,3.2538599967956543
A giraffe underneath a microwave.,0.5712629556655884,-0.4200758934020996,0.0065821735188364,0.28604865074157715,0.278900146484375,0.28546226024627686,28.87324333190918,29.524024963378906,28.7598876953125,3.7992663383483887,3.814248561859131,3.76762056350708
A donut underneath a toilet.,1.283639430999756,-1.5086283683776855,0.994903028011322,0.30367839336395264,0.2851652204990387,0.2907438278198242,28.92667579650879,26.094676971435547,27.789701461791992,3.820361614227295,3.83931827545166,3.671008586883545
A hair drier underneath a sheep.,1.7138547897338867,-0.3152753412723541,0.4744260609149933,0.2935640215873718,0.28270962834358215,0.2734900116920471,31.10938835144043,29.17047882080078,21.0244083404541,3.8069100379943848,3.732787609100342,4.276668071746826
A tennis racket underneath a traffic light.,1.8931642770767212,-1.826260328292847,-0.8870133757591248,0.30954062938690186,0.2613860070705414,0.26641952991485596,32.48857498168945,20.84979248046875,20.230804443359375,3.5646281242370605,3.8437461853027344,3.2985029220581055
A zebra underneath a broccoli.,1.8724420070648191,1.247595191001892,1.2679964303970337,0.32485148310661316,0.3154522180557251,0.3005830943584442,37.08601760864258,33.70759582519531,37.436851501464844,4.073848724365234,4.673894882202148,4.035134792327881
A banana on the left of an apple.,1.6810935735702517,-0.5899546146392822,-0.5899546146392822,0.296577513217926,0.2570127546787262,0.2570127546787262,28.429367065429688,18.654783248901367,18.654783248901367,3.7784976959228516,3.6409196853637695,3.6409196853637695
A couch on the left of a chair.,0.7609972357749939,-0.7418190836906433,-0.3571214079856872,0.28800511360168457,0.27293920516967773,0.27955400943756104,20.71599578857422,20.250606536865234,21.22884178161621,3.517871379852295,3.7996983528137207,3.147286891937256
A car on the left of a bus.,0.5106772184371948,-1.053844332695007,-1.053844332695007,0.27863603830337524,0.28074556589126587,0.28074556589126587,21.63005256652832,21.953777313232422,21.953777313232422,3.948038101196289,3.8401079177856445,3.8401079177856445
A cat on the left of a dog.,1.6276895999908447,1.1046849489212036,1.4967210292816162,0.2902287244796753,0.27795103192329407,0.2980729937553406,22.381662368774414,20.70197868347168,23.946340560913086,3.573518753051758,3.065609931945801,3.7506041526794434
A carrot on the left of a broccoli.,1.315539002418518,-0.1368200778961181,0.5701096653938293,0.2942575216293335,0.267645001411438,0.27916374802589417,25.203319549560547,24.83719825744629,24.49175262451172,3.4205102920532227,3.487861156463623,2.963347911834717
A pizza on the right of a suitcase.,1.4322574138641355,-0.7612742185592651,0.4723957777023315,0.30638134479522705,0.28542786836624146,0.2935388386249542,30.020397186279297,28.10040855407715,29.659196853637695,3.839656352996826,3.578355312347412,3.215606212615967
A cat on the right of a tennis racket.,1.7542495727539062,0.0868509635329246,0.8572835922241211,0.3090580701828003,0.2955438792705536,0.3146997094154358,27.216930389404297,30.127777099609375,29.060640335083008,3.6257619857788086,3.901353359222412,3.4361624717712402
A stop sign on the right of a refrigerator.,0.4165770411491394,-1.700764775276184,-0.99275541305542,0.2689310908317566,0.25250476598739624,0.24179662764072418,21.373342514038086,18.319530487060547,17.66729164123535,3.5607457160949707,3.969231605529785,3.896547317504883
A sheep to the right of a wine glass.,1.9284000396728516,-1.3890031576156616,1.8957996368408203,0.3292362689971924,0.29426833987236023,0.33022332191467285,28.888168334960938,29.11322593688965,29.668691635131836,3.5472559928894043,3.3642072677612305,3.673922061920166
A zebra to the right of a fire hydrant.,1.8466655015945437,-2.0488977432250977,0.4110316038131714,0.30509334802627563,0.24868302047252655,0.2897258698940277,33.24143981933594,20.378870010375977,27.216922760009766,3.6117053031921387,3.9852209091186523,3.7926764488220215
Acersecomicke.,0.5162733793258667,-0.3327915668487549,-0.3327915668487549,0.2539956569671631,0.25244176387786865,0.25244176387786865,10.904842376708984,11.725669860839844,11.725669860839844,4.165587425231934,4.232185363769531,4.232185363769531
Jentacular.,0.4242337048053741,-0.5962820649147034,-0.469800591468811,0.26399505138397217,0.25842157006263733,0.2596503496170044,14.068161010742188,15.12480354309082,14.048589706420898,3.740532398223877,4.3520402908325195,4.274375915527344
Matutinal.,0.499173641204834,-0.4794396162033081,0.1221856847405433,0.25829702615737915,0.24939753115177155,0.25836941599845886,13.299257278442383,12.363043785095215,12.445765495300293,4.189847946166992,4.280022144317627,4.24944543838501
Peristeronic.,0.1437864899635315,-0.8593064546585083,-0.3741052448749542,0.22166360914707184,0.23204541206359863,0.22814016044139862,16.311594009399414,16.871883392333984,15.828970909118652,4.029416561126709,3.963672637939453,4.459252834320068
Artophagous.,1.242644190788269,-0.2079040706157684,1.0096646547317505,0.2700253129005432,0.26528608798980713,0.26171037554740906,17.10106658935547,17.150203704833984,17.930156707763672,4.4715189933776855,4.517739772796631,4.303083896636963
Backlotter.,0.3697275519371032,-0.619530439376831,0.1837894022464752,0.25646889209747314,0.2574029862880707,0.2573891580104828,15.243809700012207,14.767683982849121,15.453004837036133,3.898008346557617,3.518301010131836,3.490663528442383
Octothorpe.,0.8520136475563049,-1.2821308374404907,-1.2821308374404907,0.25816410779953003,0.2569105625152588,0.2569105625152588,13.53685474395752,13.848748207092285,13.848748207092285,4.47982120513916,3.915320873260498,3.915320873260498
A church with stained glass windows depicting a hamburger and french fries.,1.8043328523635864,-0.1347868889570236,1.792038083076477,0.29902511835098267,0.2693208158016205,0.31443166732788086,35.55813980102539,34.621116638183594,32.3297233581543,3.4660143852233887,3.8371081352233887,3.475923538208008
"Painting of the orange cat Otto von Garfield, Count of Bismarck-Sch√∂nhausen, Duke of Lauenburg, Minister-President of Prussia. Depicted wearing a Prussian Pickelhaube and eating his favorite meal - lasagna.",1.5176434516906738,1.0752290487289429,1.2438946962356567,0.3075719177722931,0.3077172040939331,0.30224892497062683,35.33892822265625,35.49979782104492,35.10734939575195,3.6267919540405273,3.5811872482299805,3.589266777038574
"A baby fennec sneezing onto a strawberry, detailed, macro, studio light, droplets, backlit ears.",1.9852930307388303,0.9060381054878236,0.9060381054878236,0.301516056060791,0.29754191637039185,0.29754191637039185,31.661500930786133,31.452425003051758,31.452425003051758,3.6513285636901855,3.462862968444824,3.462862968444824
A photo of a confused grizzly bear in calculus class.,1.907097339630127,1.652126431465149,1.652126431465149,0.306207537651062,0.30393144488334656,0.30393144488334656,26.665380477905273,27.33155059814453,27.33155059814453,3.726040840148926,3.7254648208618164,3.7254648208618164
An ancient Egyptian painting depicting an argument over whose turn it is to take out the trash.,0.6369481682777405,-0.7852785587310791,-0.417435884475708,0.27137258648872375,0.2619922459125519,0.26985862851142883,29.96331024169922,30.234052658081055,30.27174186706543,3.9863691329956055,3.8449368476867676,3.989314556121826
"A fluffy baby sloth with a knitted hat trying to figure out a laptop, close up, highly detailed, studio lighting, screen reflecting in its eyes.",1.9067342281341553,1.8039814233779907,1.8978240489959717,0.313898503780365,0.3068746328353882,0.2944978177547455,34.097232818603516,35.206787109375,34.16437530517578,3.64345121383667,3.858419895172119,3.6882448196411133
"A tiger in a lab coat with a 1980s Miami vibe, turning a well oiled science content machine, digital art.",1.9774855375289917,1.7798504829406738,1.8732216358184817,0.3117564618587494,0.3115118741989136,0.3112967908382416,38.35455322265625,35.68016052246094,34.93705368041992,3.941779613494873,4.109100341796875,3.76810884475708
A 1960s yearbook photo with animals dressed as humans.,1.2734824419021606,0.0639150589704513,0.6330330967903137,0.2792145907878876,0.26481011509895325,0.2657136619091034,26.444255828857422,23.326675415039062,23.258466720581055,3.4869275093078613,3.670597553253174,3.5781564712524414
Lego Arnold Schwarzenegger.,1.957675576210022,0.5771272778511047,1.7237615585327148,0.2785044312477112,0.2640135884284973,0.2736796438694,33.22610092163086,23.862367630004883,28.013654708862305,3.1682472229003906,3.4204092025756836,3.3542604446411133
A yellow and black bus cruising through the rainforest.,1.8052195310592651,1.3686121702194214,1.6026228666305542,0.3147282004356384,0.30763304233551025,0.3068288564682007,33.00365447998047,30.057462692260742,33.491912841796875,3.6545357704162598,4.160539150238037,3.375483512878418
A medieval painting of the wifi not working.,1.0775989294052124,-0.6658026576042175,-0.209201231598854,0.2772006392478943,0.27040740847587585,0.261111319065094,27.205162048339844,19.509714126586914,20.502269744873047,3.6889867782592773,3.5266661643981934,3.4384007453918457
"An IT-guy trying to fix hardware of a PC tower is being tangled by the PC cables like Laokoon. Marble, copy after Hellenistic original from ca. 200 BC. Found in the Baths of Trajan, 1506.",1.9036067724227903,1.427436113357544,1.8976324796676636,0.28541839122772217,0.26722341775894165,0.2762061655521393,30.235530853271484,34.832305908203125,24.598678588867188,4.025996208190918,4.152512073516846,3.777492046356201
"35mm macro shot a kitten licking a baby duck, studio lighting.",1.962694525718689,0.9518463611602784,1.4310035705566406,0.29615992307662964,0.27712392807006836,0.2720014452934265,28.718393325805664,28.301616668701172,29.734485626220703,3.390528678894043,3.8454174995422363,3.7775001525878906
McDonalds Church.,1.77401864528656,-0.2051807940006256,-0.2051807940006256,0.28438544273376465,0.23916171491146088,0.23916171491146088,25.349624633789062,17.043325424194336,17.043325424194336,4.077554702758789,3.7952446937561035,3.7952446937561035
Photo of an athlete cat explaining it's latest scandal at a press conference to journalists.,1.6786521673202517,0.7659204602241516,1.078242301940918,0.2888645529747009,0.2837746739387512,0.27869686484336853,30.781795501708984,31.5838623046875,30.410512924194336,3.2046608924865723,3.4730982780456543,3.457854747772217
Greek statue of a man tripping over a cat.,1.9694041013717651,1.6189366579055786,1.8348047733306885,0.30685335397720337,0.2863185405731201,0.28985467553138733,29.541160583496094,27.292539596557617,29.06284523010254,3.6145806312561035,3.0267415046691895,3.654783248901367
"An old photograph of a 1920s airship shaped like a pig, floating over a wheat field.",1.8496530055999756,0.7879206538200378,0.7879206538200378,0.296850323677063,0.292538046836853,0.292538046836853,29.966392517089844,25.703691482543945,25.703691482543945,3.809175491333008,3.5419487953186035,3.5419487953186035
Photo of a cat singing in a barbershop quartet.,1.8991386890411377,1.0212055444717407,1.865003228187561,0.302682101726532,0.29268699884414673,0.31448543071746826,34.02705764770508,30.620464324951172,35.91910171508789,3.6658763885498047,3.555384635925293,3.6401753425598145
"A painting by Grant Wood of an astronaut couple, american gothic style.",1.386677622795105,0.7146034836769104,0.8652302622795105,0.2771204113960266,0.26164689660072327,0.26231032609939575,30.241920471191406,30.379858016967773,25.725494384765625,3.2602663040161133,3.374405860900879,3.1642441749572754
An oil painting portrait of the regal Burger King posing with a Whopper.,1.790944218635559,1.1517934799194336,1.6559250354766846,0.30914708971977234,0.2900010347366333,0.30221351981163025,33.270565032958984,33.1358642578125,36.59490203857422,3.777942180633545,3.5438671112060547,3.601175308227539
"A keyboard made of water, the water is made of light, the light is turned off.",1.9495385885238647,-0.0248270705342292,1.8589750528335571,0.2752649486064911,0.2510962188243866,0.2522098422050476,27.98651695251465,25.06264305114746,25.574241638183594,3.841306209564209,3.4183669090270996,3.372133731842041
Painting of Mona Lisa but the view is from behind of Mona Lisa.,1.7326374053955078,-1.1247754096984863,-0.4484586715698242,0.30453264713287354,0.27254539728164673,0.27119573950767517,24.793087005615234,25.53839874267578,23.896215438842773,4.042818546295166,3.998812675476074,3.3941078186035156
Hyper-realistic photo of an abandoned industrial site during a storm.,1.3064714670181274,0.8145263195037842,1.1228386163711548,0.28653523325920105,0.2929212749004364,0.2917652130126953,29.96855354309082,26.371627807617188,29.718135833740234,3.796840190887451,3.9717798233032227,4.175455570220947
A screenshot of an iOS app for ordering different types of milk.,0.4159495234489441,-2.123311996459961,-1.6033189296722412,0.26338744163513184,0.23594242334365845,0.24570833146572113,27.988508224487305,22.49728012084961,23.16610336303711,3.7221803665161133,2.974989652633667,4.110382080078125
"A real life photography of super mario, 8k Ultra HD.",1.8088762760162351,1.3998621702194214,1.3998621702194214,0.2958664894104004,0.2895435094833374,0.2895435094833374,25.69961166381836,27.81511688232422,27.81511688232422,3.7377777099609375,3.7743616104125977,3.7743616104125977
Colouring page of large cats climbing the eifel tower in a cyberpunk future.,1.688637614250183,0.6016507148742676,1.2574273347854614,0.2930072546005249,0.26848286390304565,0.2772371470928192,31.69257354736328,28.23384666442871,25.84062385559082,3.571147918701172,3.687112331390381,3.307370662689209
Photo of a mega Lego space station inside a kid's bedroom.,0.4026966691017151,-1.055485725402832,-1.055485725402832,0.2988213896751404,0.27806612849235535,0.27806612849235535,34.67948532104492,31.558895111083984,31.558895111083984,3.817183494567871,3.5699172019958496,3.5699172019958496
A spider with a moustache bidding an equally gentlemanly grasshopper a good day during his walk to work.,1.033713459968567,0.0533592142164707,0.2288974225521087,0.28767627477645874,0.2892415523529053,0.2837672829627991,29.488914489746094,29.12293243408203,25.28142547607422,3.860015869140625,4.060270309448242,4.301131725311279
A photocopy of a photograph of a painting of a sculpture of a giraffe.,1.5836541652679443,-0.1854134052991867,-0.1232081651687622,0.29098981618881226,0.2888328433036804,0.2900916039943695,22.003070831298828,22.839412689208984,22.093812942504883,4.098557949066162,4.22581148147583,4.294042587280273
"A bridge connecting Europe and North America on the Atlantic Ocean, bird's eye view.",1.0820629596710205,-1.2023009061813354,0.8611283898353577,0.29092293977737427,0.2609691023826599,0.2851542532444,24.117155075073242,20.418560028076172,25.803264617919922,3.7123403549194336,3.774048328399658,3.973957061767578
"A maglev train going vertically downward in high speed, New York Times photojournalism.",1.5087227821350098,1.0439754724502563,1.506221055984497,0.25829610228538513,0.25844666361808777,0.2656770944595337,22.875394821166992,22.40782356262207,23.323711395263672,3.345111846923828,3.9538722038269043,4.320708274841309
A magnifying glass over a page of a 1950s batman comic.,1.8786499500274656,-0.6557512879371643,-0.6557512879371643,0.28982239961624146,0.25791844725608826,0.25791844725608826,29.36345863342285,27.86037254333496,27.86037254333496,3.57564115524292,4.02715539932251,4.02715539932251
"A car playing soccer, digital art.",1.885601282119751,-1.385971188545227,1.8035285472869873,0.32055413722991943,0.2866845726966858,0.3034746050834656,30.345149993896484,31.354412078857422,30.43366241455078,3.9777541160583496,4.015468120574951,4.196422576904297
Darth Vader playing with raccoon in Mars during sunset.,1.8690049648284912,1.0081582069396973,1.0081582069396973,0.31592053174972534,0.3052050471305847,0.3052050471305847,34.93621826171875,32.21994400024414,32.21994400024414,3.3380513191223145,3.354691982269287,3.354691982269287
A 1960s poster warning against climate change.,1.167446851730347,-0.4989912509918213,-0.1014592349529266,0.24918857216835022,0.2392822951078415,0.23209375143051147,21.530391693115234,21.879716873168945,24.636568069458008,3.8174681663513184,3.770115375518799,3.7393174171447754
Illustration of a mouse using a mushroom as an umbrella.,1.994273781776428,1.8378058671951296,1.8378058671951296,0.33384931087493896,0.3213428258895874,0.3213428258895874,34.40861892700195,35.838619232177734,35.838619232177734,3.9556798934936523,3.8090314865112305,3.8090314865112305
A realistic photo of a Pomeranian dressed up like a 1980s professional wrestler with neon green and neon orange face paint and bright green wrestling tights with bright orange boots.,1.6717623472213743,1.1065068244934082,1.6095623970031738,0.2982596457004547,0.29169169068336487,0.3015190660953522,37.18735885620117,38.88203811645508,37.64627456665039,3.9840312004089355,3.411123275756836,4.120738506317139
A pyramid made of falafel with a partial solar eclipse in the background.,1.9743176698684692,1.6835700273513794,1.8571460247039795,0.30564481019973755,0.293647438287735,0.287835955619812,34.63561248779297,26.591463088989258,33.388633728027344,4.459550380706787,4.307796955108643,4.682331562042236
A storefront with 'Hello World' written on it.,0.7978242635726929,-0.5721226930618286,0.0626783519983291,0.27917101979255676,0.2774401903152466,0.27784430980682373,23.847951889038086,17.445371627807617,18.84425926208496,3.641352653503418,3.6662940979003906,4.143815517425537
A storefront with 'Diffusion' written on it.,1.42373526096344,0.2769485712051391,0.5939406752586365,0.28375110030174255,0.28105318546295166,0.2773340344429016,20.0722599029541,22.569366455078125,23.239030838012695,4.094173908233643,3.9041175842285156,3.261612892150879
A storefront with 'Text to Image' written on it.,1.1895473003387451,-0.2287815809249878,0.9815695881843568,0.2780291438102722,0.2682105004787445,0.2661588788032532,23.89960479736328,22.305612564086914,22.78763198852539,3.731024742126465,3.7713160514831543,3.897246837615967
A storefront with 'NeurIPS' written on it.,1.1334295272827148,-0.0709355771541595,0.364510715007782,0.30074137449264526,0.2768789529800415,0.27776020765304565,30.129541397094727,22.980873107910156,21.136404037475586,3.437316417694092,3.6379575729370117,3.162708282470703
A storefront with 'Deep Learning' written on it.,1.1637585163116455,0.087715096771717,0.087715096771717,0.2866016626358032,0.280437707901001,0.280437707901001,22.153554916381836,20.055707931518555,20.055707931518555,3.5897560119628906,4.507395267486572,4.507395267486572
A storefront with 'Google Brain Toronto' written on it.,0.6199931502342224,-2.0374186038970947,-0.2209064066410064,0.2796306312084198,0.24622701108455658,0.25208133459091187,27.357393264770508,21.24796485900879,26.554325103759766,3.5375943183898926,4.0483174324035645,3.5620360374450684
A storefront with 'Google Research Pizza Cafe' written on it.,-0.3180644512176513,-1.1391292810440063,-0.8972427248954773,0.2727356553077698,0.27350914478302,0.27055734395980835,20.690959930419922,20.100858688354492,23.896099090576172,4.124408721923828,3.66650390625,3.6145267486572266
A sign that says 'Hello World'.,0.3712103068828583,-1.147207498550415,-1.003410816192627,0.2583528161048889,0.24839180707931519,0.2467406690120697,22.563325881958008,19.921627044677734,21.10847282409668,3.091935634613037,3.5792078971862793,4.177058219909668
A sign that says 'Diffusion'.,0.4613224267959595,-0.5423684120178223,-0.3812012374401092,0.25771719217300415,0.24828830361366272,0.2556646764278412,14.261550903320312,18.623743057250977,21.3208065032959,4.2815093994140625,3.1321635246276855,4.024730682373047
A sign that says 'Text to Image'.,0.2118584066629409,-0.805534839630127,-0.805534839630127,0.2540247440338135,0.25377392768859863,0.25377392768859863,16.137144088745117,22.690759658813477,22.690759658813477,3.5806031227111816,4.1456170082092285,4.1456170082092285
A sign that says 'NeurIPS'.,0.393375039100647,-1.292109727859497,-0.0207562800496816,0.26322394609451294,0.25595682859420776,0.25880885124206543,15.185348510742188,16.8164005279541,16.29230308532715,3.126040458679199,4.1976494789123535,3.8969268798828125
A sign that says 'Deep Learning'.,0.5585818290710449,-0.9221858382225036,0.2279126346111297,0.24828040599822998,0.2591035068035126,0.24946081638336182,17.799072265625,20.901779174804688,12.933234214782715,3.9042553901672363,3.6257920265197754,3.820033073425293
A sign that says 'Google Brain Toronto'.,0.4490483701229095,-1.0051060914993286,-0.6195762753486633,0.25295349955558777,0.25864797830581665,0.2553887963294983,19.090478897094727,20.194063186645508,19.39777946472168,3.927924156188965,3.414116382598877,3.5459208488464355
A sign that says 'Google Research Pizza Cafe'.,-1.254962921142578,-2.010725498199463,-1.8170174360275269,0.2556198835372925,0.25020360946655273,0.2593226134777069,16.003610610961914,16.612581253051758,18.76439666748047,4.538403034210205,4.17512845993042,4.284765720367432
New York Skyline with 'Hello World' written with fireworks on the sky.,1.2668026685714722,-0.8039843440055847,0.9880974292755128,0.3013004660606384,0.2644311785697937,0.30331307649612427,25.572105407714844,18.845462799072266,24.696542739868164,4.381765365600586,4.271470546722412,4.2160820960998535
New York Skyline with 'Diffusion' written with fireworks on the sky.,1.5360926389694214,1.220790982246399,1.3599909543991089,0.29320430755615234,0.28800857067108154,0.30430856347084045,27.6496639251709,29.302927017211914,27.40169906616211,3.799572467803955,4.097431182861328,4.315333843231201
New York Skyline with 'Text to Image' written with fireworks on the sky.,1.0654500722885132,0.7219269275665283,0.7348508834838867,0.2938346266746521,0.29019421339035034,0.29395633935928345,26.501243591308594,26.850589752197266,26.161529541015625,4.274664402008057,4.205383777618408,3.9873580932617188
New York Skyline with 'NeurIPS' written with fireworks on the sky.,1.2753466367721558,0.95320326089859,1.2319425344467163,0.303670197725296,0.2995096445083618,0.3057306408882141,25.292434692382812,25.326847076416016,25.408096313476562,3.819657325744629,3.83134126663208,4.283854007720947
New York Skyline with 'Deep Learning' written with fireworks on the sky.,1.5072559118270874,1.1645451784133911,1.1971759796142578,0.286291241645813,0.29551589488983154,0.30508625507354736,25.117483139038086,25.074609756469727,25.399036407470703,4.074014663696289,4.1238837242126465,4.080873012542725
New York Skyline with 'Google Brain Toronto' written with fireworks on the sky.,0.7202520966529846,0.0829863026738166,0.5573699474334717,0.28178179264068604,0.2548796236515045,0.2957620322704315,26.397790908813477,25.454246520996094,27.833284378051758,4.26605749130249,4.168295383453369,4.513795375823975
New York Skyline with 'Google Research Pizza Cafe' written with fireworks on the sky.,1.875472903251648,0.2614178657531738,0.2614178657531738,0.3148767650127411,0.2819254398345947,0.2819254398345947,33.35365295410156,27.898387908935547,27.898387908935547,4.226510524749756,4.533131122589111,4.533131122589111
